SET IDENTITY_INSERT [dbo].[BaoCaoTon] ON
INSERT [dbo].[BaoCaoTon] ([MaBaoCao], [Thang], [Nam]) VALUES (3, 4, 2020)
INSERT [dbo].[BaoCaoTon] ([MaBaoCao], [Thang], [Nam]) VALUES (4, 3, 2020)
INSERT [dbo].[BaoCaoTon] ([MaBaoCao], [Thang], [Nam]) VALUES (5, 2, 2020)
INSERT [dbo].[BaoCaoTon] ([MaBaoCao], [Thang], [Nam]) VALUES (6, 1, 2020)
SET IDENTITY_INSERT [dbo].[BaoCaoTon] OFF

SET IDENTITY_INSERT [dbo].[BaoCaoCongNo] ON
INSERT [dbo].[BaoCaoCongNo] ([MaBaoCao], [Thang], [Nam]) VALUES (1, 2, 2020)
INSERT [dbo].[BaoCaoCongNo] ([MaBaoCao], [Thang], [Nam]) VALUES (2, 3, 2020)
INSERT [dbo].[BaoCaoCongNo] ([MaBaoCao], [Thang], [Nam]) VALUES (3, 4, 2020)
SET IDENTITY_INSERT [dbo].[BaoCaoCongNo] OFF

INSERT [dbo].[CTBaoCaoTon] ([MaBaoCao], [MaSach], [SoLuongTonDau], [SoLuongTonCuoi]) VALUES (3, 1, 142, 342)
INSERT [dbo].[CTBaoCaoTon] ([MaBaoCao], [MaSach], [SoLuongTonDau], [SoLuongTonCuoi]) VALUES (3, 2, 138, 288)
INSERT [dbo].[CTBaoCaoTon] ([MaBaoCao], [MaSach], [SoLuongTonDau], [SoLuongTonCuoi]) VALUES (3, 3, 147, 147)
INSERT [dbo].[CTBaoCaoTon] ([MaBaoCao], [MaSach], [SoLuongTonDau], [SoLuongTonCuoi]) VALUES (3, 4, 149, 149)
INSERT [dbo].[CTBaoCaoTon] ([MaBaoCao], [MaSach], [SoLuongTonDau], [SoLuongTonCuoi]) VALUES (3, 5, 146, 294)
INSERT [dbo].[CTBaoCaoTon] ([MaBaoCao], [MaSach], [SoLuongTonDau], [SoLuongTonCuoi]) VALUES (3, 6, 147, 297)
INSERT [dbo].[CTBaoCaoTon] ([MaBaoCao], [MaSach], [SoLuongTonDau], [SoLuongTonCuoi]) VALUES (3, 7, 148, 148)
INSERT [dbo].[CTBaoCaoTon] ([MaBaoCao], [MaSach], [SoLuongTonDau], [SoLuongTonCuoi]) VALUES (3, 8, 148, 147)
INSERT [dbo].[CTBaoCaoTon] ([MaBaoCao], [MaSach], [SoLuongTonDau], [SoLuongTonCuoi]) VALUES (3, 9, 150, 300)
INSERT [dbo].[CTBaoCaoTon] ([MaBaoCao], [MaSach], [SoLuongTonDau], [SoLuongTonCuoi]) VALUES (3, 10, 149, 149)
INSERT [dbo].[CTBaoCaoTon] ([MaBaoCao], [MaSach], [SoLuongTonDau], [SoLuongTonCuoi]) VALUES (3, 11, 150, 150)
INSERT [dbo].[CTBaoCaoTon] ([MaBaoCao], [MaSach], [SoLuongTonDau], [SoLuongTonCuoi]) VALUES (3, 12, 147, 146)
INSERT [dbo].[CTBaoCaoTon] ([MaBaoCao], [MaSach], [SoLuongTonDau], [SoLuongTonCuoi]) VALUES (3, 13, 149, 148)
INSERT [dbo].[CTBaoCaoTon] ([MaBaoCao], [MaSach], [SoLuongTonDau], [SoLuongTonCuoi]) VALUES (3, 14, 150, 150)
INSERT [dbo].[CTBaoCaoTon] ([MaBaoCao], [MaSach], [SoLuongTonDau], [SoLuongTonCuoi]) VALUES (3, 15, 149, 148)
INSERT [dbo].[CTBaoCaoTon] ([MaBaoCao], [MaSach], [SoLuongTonDau], [SoLuongTonCuoi]) VALUES (3, 16, 150, 150)
INSERT [dbo].[CTBaoCaoTon] ([MaBaoCao], [MaSach], [SoLuongTonDau], [SoLuongTonCuoi]) VALUES (3, 17, 150, 150)
INSERT [dbo].[CTBaoCaoTon] ([MaBaoCao], [MaSach], [SoLuongTonDau], [SoLuongTonCuoi]) VALUES (3, 18, 150, 150)
INSERT [dbo].[CTBaoCaoTon] ([MaBaoCao], [MaSach], [SoLuongTonDau], [SoLuongTonCuoi]) VALUES (3, 19, 150, 150)
INSERT [dbo].[CTBaoCaoTon] ([MaBaoCao], [MaSach], [SoLuongTonDau], [SoLuongTonCuoi]) VALUES (3, 20, 150, 150)
INSERT [dbo].[CTBaoCaoTon] ([MaBaoCao], [MaSach], [SoLuongTonDau], [SoLuongTonCuoi]) VALUES (3, 21, 150, 150)
INSERT [dbo].[CTBaoCaoTon] ([MaBaoCao], [MaSach], [SoLuongTonDau], [SoLuongTonCuoi]) VALUES (3, 23, 150, 150)
INSERT [dbo].[CTBaoCaoTon] ([MaBaoCao], [MaSach], [SoLuongTonDau], [SoLuongTonCuoi]) VALUES (3, 26, 149, 149)
INSERT [dbo].[CTBaoCaoTon] ([MaBaoCao], [MaSach], [SoLuongTonDau], [SoLuongTonCuoi]) VALUES (3, 36, 150, 150)
INSERT [dbo].[CTBaoCaoTon] ([MaBaoCao], [MaSach], [SoLuongTonDau], [SoLuongTonCuoi]) VALUES (3, 37, 150, 149)
INSERT [dbo].[CTBaoCaoTon] ([MaBaoCao], [MaSach], [SoLuongTonDau], [SoLuongTonCuoi]) VALUES (3, 38, 150, 150)
INSERT [dbo].[CTBaoCaoTon] ([MaBaoCao], [MaSach], [SoLuongTonDau], [SoLuongTonCuoi]) VALUES (3, 39, 149, 149)
INSERT [dbo].[CTBaoCaoTon] ([MaBaoCao], [MaSach], [SoLuongTonDau], [SoLuongTonCuoi]) VALUES (3, 40, 150, 149)
INSERT [dbo].[CTBaoCaoTon] ([MaBaoCao], [MaSach], [SoLuongTonDau], [SoLuongTonCuoi]) VALUES (3, 41, 150, 150)
INSERT [dbo].[CTBaoCaoTon] ([MaBaoCao], [MaSach], [SoLuongTonDau], [SoLuongTonCuoi]) VALUES (3, 42, 150, 150)
INSERT [dbo].[CTBaoCaoTon] ([MaBaoCao], [MaSach], [SoLuongTonDau], [SoLuongTonCuoi]) VALUES (3, 43, 150, 150)
INSERT [dbo].[CTBaoCaoTon] ([MaBaoCao], [MaSach], [SoLuongTonDau], [SoLuongTonCuoi]) VALUES (3, 44, 150, 149)
INSERT [dbo].[CTBaoCaoTon] ([MaBaoCao], [MaSach], [SoLuongTonDau], [SoLuongTonCuoi]) VALUES (3, 45, 150, 149)
INSERT [dbo].[CTBaoCaoTon] ([MaBaoCao], [MaSach], [SoLuongTonDau], [SoLuongTonCuoi]) VALUES (3, 46, 150, 149)
INSERT [dbo].[CTBaoCaoTon] ([MaBaoCao], [MaSach], [SoLuongTonDau], [SoLuongTonCuoi]) VALUES (3, 47, 150, 150)
INSERT [dbo].[CTBaoCaoTon] ([MaBaoCao], [MaSach], [SoLuongTonDau], [SoLuongTonCuoi]) VALUES (3, 48, 149, 148)
INSERT [dbo].[CTBaoCaoTon] ([MaBaoCao], [MaSach], [SoLuongTonDau], [SoLuongTonCuoi]) VALUES (3, 50, 150, 149)
INSERT [dbo].[CTBaoCaoTon] ([MaBaoCao], [MaSach], [SoLuongTonDau], [SoLuongTonCuoi]) VALUES (3, 51, 149, 149)
INSERT [dbo].[CTBaoCaoTon] ([MaBaoCao], [MaSach], [SoLuongTonDau], [SoLuongTonCuoi]) VALUES (3, 52, 150, 150)
INSERT [dbo].[CTBaoCaoTon] ([MaBaoCao], [MaSach], [SoLuongTonDau], [SoLuongTonCuoi]) VALUES (3, 53, 149, 149)
INSERT [dbo].[CTBaoCaoTon] ([MaBaoCao], [MaSach], [SoLuongTonDau], [SoLuongTonCuoi]) VALUES (3, 54, 149, 149)
INSERT [dbo].[CTBaoCaoTon] ([MaBaoCao], [MaSach], [SoLuongTonDau], [SoLuongTonCuoi]) VALUES (3, 55, 150, 150)
INSERT [dbo].[CTBaoCaoTon] ([MaBaoCao], [MaSach], [SoLuongTonDau], [SoLuongTonCuoi]) VALUES (3, 56, 150, 150)
INSERT [dbo].[CTBaoCaoTon] ([MaBaoCao], [MaSach], [SoLuongTonDau], [SoLuongTonCuoi]) VALUES (3, 57, 149, 149)
INSERT [dbo].[CTBaoCaoTon] ([MaBaoCao], [MaSach], [SoLuongTonDau], [SoLuongTonCuoi]) VALUES (4, 1, 149, 142)
INSERT [dbo].[CTBaoCaoTon] ([MaBaoCao], [MaSach], [SoLuongTonDau], [SoLuongTonCuoi]) VALUES (4, 2, 149, 138)
INSERT [dbo].[CTBaoCaoTon] ([MaBaoCao], [MaSach], [SoLuongTonDau], [SoLuongTonCuoi]) VALUES (4, 3, 150, 147)
INSERT [dbo].[CTBaoCaoTon] ([MaBaoCao], [MaSach], [SoLuongTonDau], [SoLuongTonCuoi]) VALUES (4, 4, 149, 149)
INSERT [dbo].[CTBaoCaoTon] ([MaBaoCao], [MaSach], [SoLuongTonDau], [SoLuongTonCuoi]) VALUES (4, 5, 148, 146)
INSERT [dbo].[CTBaoCaoTon] ([MaBaoCao], [MaSach], [SoLuongTonDau], [SoLuongTonCuoi]) VALUES (4, 6, 149, 147)
INSERT [dbo].[CTBaoCaoTon] ([MaBaoCao], [MaSach], [SoLuongTonDau], [SoLuongTonCuoi]) VALUES (4, 7, 150, 148)
INSERT [dbo].[CTBaoCaoTon] ([MaBaoCao], [MaSach], [SoLuongTonDau], [SoLuongTonCuoi]) VALUES (4, 8, 149, 148)
INSERT [dbo].[CTBaoCaoTon] ([MaBaoCao], [MaSach], [SoLuongTonDau], [SoLuongTonCuoi]) VALUES (4, 9, 150, 150)
INSERT [dbo].[CTBaoCaoTon] ([MaBaoCao], [MaSach], [SoLuongTonDau], [SoLuongTonCuoi]) VALUES (4, 10, 149, 149)
INSERT [dbo].[CTBaoCaoTon] ([MaBaoCao], [MaSach], [SoLuongTonDau], [SoLuongTonCuoi]) VALUES (4, 11, 150, 150)
INSERT [dbo].[CTBaoCaoTon] ([MaBaoCao], [MaSach], [SoLuongTonDau], [SoLuongTonCuoi]) VALUES (4, 12, 147, 147)
INSERT [dbo].[CTBaoCaoTon] ([MaBaoCao], [MaSach], [SoLuongTonDau], [SoLuongTonCuoi]) VALUES (4, 13, 149, 149)
INSERT [dbo].[CTBaoCaoTon] ([MaBaoCao], [MaSach], [SoLuongTonDau], [SoLuongTonCuoi]) VALUES (4, 14, 150, 150)
INSERT [dbo].[CTBaoCaoTon] ([MaBaoCao], [MaSach], [SoLuongTonDau], [SoLuongTonCuoi]) VALUES (4, 15, 150, 149)
INSERT [dbo].[CTBaoCaoTon] ([MaBaoCao], [MaSach], [SoLuongTonDau], [SoLuongTonCuoi]) VALUES (4, 16, 150, 150)
INSERT [dbo].[CTBaoCaoTon] ([MaBaoCao], [MaSach], [SoLuongTonDau], [SoLuongTonCuoi]) VALUES (4, 17, 150, 150)
INSERT [dbo].[CTBaoCaoTon] ([MaBaoCao], [MaSach], [SoLuongTonDau], [SoLuongTonCuoi]) VALUES (4, 18, 150, 150)
INSERT [dbo].[CTBaoCaoTon] ([MaBaoCao], [MaSach], [SoLuongTonDau], [SoLuongTonCuoi]) VALUES (4, 19, 150, 150)
INSERT [dbo].[CTBaoCaoTon] ([MaBaoCao], [MaSach], [SoLuongTonDau], [SoLuongTonCuoi]) VALUES (4, 20, 150, 150)
INSERT [dbo].[CTBaoCaoTon] ([MaBaoCao], [MaSach], [SoLuongTonDau], [SoLuongTonCuoi]) VALUES (4, 21, 150, 150)
INSERT [dbo].[CTBaoCaoTon] ([MaBaoCao], [MaSach], [SoLuongTonDau], [SoLuongTonCuoi]) VALUES (4, 23, 150, 150)
INSERT [dbo].[CTBaoCaoTon] ([MaBaoCao], [MaSach], [SoLuongTonDau], [SoLuongTonCuoi]) VALUES (4, 26, 150, 149)
INSERT [dbo].[CTBaoCaoTon] ([MaBaoCao], [MaSach], [SoLuongTonDau], [SoLuongTonCuoi]) VALUES (4, 36, 150, 150)
INSERT [dbo].[CTBaoCaoTon] ([MaBaoCao], [MaSach], [SoLuongTonDau], [SoLuongTonCuoi]) VALUES (4, 37, 0, 150)
INSERT [dbo].[CTBaoCaoTon] ([MaBaoCao], [MaSach], [SoLuongTonDau], [SoLuongTonCuoi]) VALUES (4, 38, 0, 150)
INSERT [dbo].[CTBaoCaoTon] ([MaBaoCao], [MaSach], [SoLuongTonDau], [SoLuongTonCuoi]) VALUES (4, 39, 0, 149)
INSERT [dbo].[CTBaoCaoTon] ([MaBaoCao], [MaSach], [SoLuongTonDau], [SoLuongTonCuoi]) VALUES (4, 40, 0, 150)
INSERT [dbo].[CTBaoCaoTon] ([MaBaoCao], [MaSach], [SoLuongTonDau], [SoLuongTonCuoi]) VALUES (4, 41, 0, 150)
INSERT [dbo].[CTBaoCaoTon] ([MaBaoCao], [MaSach], [SoLuongTonDau], [SoLuongTonCuoi]) VALUES (4, 42, 0, 150)
INSERT [dbo].[CTBaoCaoTon] ([MaBaoCao], [MaSach], [SoLuongTonDau], [SoLuongTonCuoi]) VALUES (4, 43, 0, 150)
INSERT [dbo].[CTBaoCaoTon] ([MaBaoCao], [MaSach], [SoLuongTonDau], [SoLuongTonCuoi]) VALUES (4, 44, 0, 150)
INSERT [dbo].[CTBaoCaoTon] ([MaBaoCao], [MaSach], [SoLuongTonDau], [SoLuongTonCuoi]) VALUES (4, 45, 0, 150)
INSERT [dbo].[CTBaoCaoTon] ([MaBaoCao], [MaSach], [SoLuongTonDau], [SoLuongTonCuoi]) VALUES (4, 46, 0, 150)
INSERT [dbo].[CTBaoCaoTon] ([MaBaoCao], [MaSach], [SoLuongTonDau], [SoLuongTonCuoi]) VALUES (4, 47, 0, 150)
INSERT [dbo].[CTBaoCaoTon] ([MaBaoCao], [MaSach], [SoLuongTonDau], [SoLuongTonCuoi]) VALUES (4, 48, 0, 149)
INSERT [dbo].[CTBaoCaoTon] ([MaBaoCao], [MaSach], [SoLuongTonDau], [SoLuongTonCuoi]) VALUES (4, 50, 0, 150)
INSERT [dbo].[CTBaoCaoTon] ([MaBaoCao], [MaSach], [SoLuongTonDau], [SoLuongTonCuoi]) VALUES (4, 51, 0, 149)
INSERT [dbo].[CTBaoCaoTon] ([MaBaoCao], [MaSach], [SoLuongTonDau], [SoLuongTonCuoi]) VALUES (4, 52, 0, 150)
INSERT [dbo].[CTBaoCaoTon] ([MaBaoCao], [MaSach], [SoLuongTonDau], [SoLuongTonCuoi]) VALUES (4, 53, 0, 149)
INSERT [dbo].[CTBaoCaoTon] ([MaBaoCao], [MaSach], [SoLuongTonDau], [SoLuongTonCuoi]) VALUES (4, 54, 0, 149)
INSERT [dbo].[CTBaoCaoTon] ([MaBaoCao], [MaSach], [SoLuongTonDau], [SoLuongTonCuoi]) VALUES (4, 55, 0, 150)
INSERT [dbo].[CTBaoCaoTon] ([MaBaoCao], [MaSach], [SoLuongTonDau], [SoLuongTonCuoi]) VALUES (4, 56, 0, 150)
INSERT [dbo].[CTBaoCaoTon] ([MaBaoCao], [MaSach], [SoLuongTonDau], [SoLuongTonCuoi]) VALUES (4, 57, 0, 149)
INSERT [dbo].[CTBaoCaoTon] ([MaBaoCao], [MaSach], [SoLuongTonDau], [SoLuongTonCuoi]) VALUES (5, 1, 150, 149)
INSERT [dbo].[CTBaoCaoTon] ([MaBaoCao], [MaSach], [SoLuongTonDau], [SoLuongTonCuoi]) VALUES (5, 2, 150, 149)
INSERT [dbo].[CTBaoCaoTon] ([MaBaoCao], [MaSach], [SoLuongTonDau], [SoLuongTonCuoi]) VALUES (5, 3, 150, 150)
INSERT [dbo].[CTBaoCaoTon] ([MaBaoCao], [MaSach], [SoLuongTonDau], [SoLuongTonCuoi]) VALUES (5, 4, 150, 149)
INSERT [dbo].[CTBaoCaoTon] ([MaBaoCao], [MaSach], [SoLuongTonDau], [SoLuongTonCuoi]) VALUES (5, 5, 150, 148)
INSERT [dbo].[CTBaoCaoTon] ([MaBaoCao], [MaSach], [SoLuongTonDau], [SoLuongTonCuoi]) VALUES (5, 6, 150, 149)
INSERT [dbo].[CTBaoCaoTon] ([MaBaoCao], [MaSach], [SoLuongTonDau], [SoLuongTonCuoi]) VALUES (5, 7, 150, 150)
INSERT [dbo].[CTBaoCaoTon] ([MaBaoCao], [MaSach], [SoLuongTonDau], [SoLuongTonCuoi]) VALUES (5, 8, 150, 149)
INSERT [dbo].[CTBaoCaoTon] ([MaBaoCao], [MaSach], [SoLuongTonDau], [SoLuongTonCuoi]) VALUES (5, 9, 150, 150)
INSERT [dbo].[CTBaoCaoTon] ([MaBaoCao], [MaSach], [SoLuongTonDau], [SoLuongTonCuoi]) VALUES (5, 10, 150, 149)
INSERT [dbo].[CTBaoCaoTon] ([MaBaoCao], [MaSach], [SoLuongTonDau], [SoLuongTonCuoi]) VALUES (5, 11, 150, 150)
INSERT [dbo].[CTBaoCaoTon] ([MaBaoCao], [MaSach], [SoLuongTonDau], [SoLuongTonCuoi]) VALUES (5, 12, 150, 147)
INSERT [dbo].[CTBaoCaoTon] ([MaBaoCao], [MaSach], [SoLuongTonDau], [SoLuongTonCuoi]) VALUES (5, 13, 150, 149)
GO

print 'Processed 100 total records'
INSERT [dbo].[CTBaoCaoTon] ([MaBaoCao], [MaSach], [SoLuongTonDau], [SoLuongTonCuoi]) VALUES (5, 14, 0, 150)
INSERT [dbo].[CTBaoCaoTon] ([MaBaoCao], [MaSach], [SoLuongTonDau], [SoLuongTonCuoi]) VALUES (5, 15, 0, 150)
INSERT [dbo].[CTBaoCaoTon] ([MaBaoCao], [MaSach], [SoLuongTonDau], [SoLuongTonCuoi]) VALUES (5, 16, 0, 150)
INSERT [dbo].[CTBaoCaoTon] ([MaBaoCao], [MaSach], [SoLuongTonDau], [SoLuongTonCuoi]) VALUES (5, 17, 0, 150)
INSERT [dbo].[CTBaoCaoTon] ([MaBaoCao], [MaSach], [SoLuongTonDau], [SoLuongTonCuoi]) VALUES (5, 18, 0, 150)
INSERT [dbo].[CTBaoCaoTon] ([MaBaoCao], [MaSach], [SoLuongTonDau], [SoLuongTonCuoi]) VALUES (5, 19, 0, 150)
INSERT [dbo].[CTBaoCaoTon] ([MaBaoCao], [MaSach], [SoLuongTonDau], [SoLuongTonCuoi]) VALUES (5, 20, 0, 150)
INSERT [dbo].[CTBaoCaoTon] ([MaBaoCao], [MaSach], [SoLuongTonDau], [SoLuongTonCuoi]) VALUES (5, 21, 0, 150)
INSERT [dbo].[CTBaoCaoTon] ([MaBaoCao], [MaSach], [SoLuongTonDau], [SoLuongTonCuoi]) VALUES (5, 23, 0, 150)
INSERT [dbo].[CTBaoCaoTon] ([MaBaoCao], [MaSach], [SoLuongTonDau], [SoLuongTonCuoi]) VALUES (5, 36, 0, 150)
INSERT [dbo].[CTBaoCaoTon] ([MaBaoCao], [MaSach], [SoLuongTonDau], [SoLuongTonCuoi]) VALUES (6, 2, 0, 150)
INSERT [dbo].[CTBaoCaoTon] ([MaBaoCao], [MaSach], [SoLuongTonDau], [SoLuongTonCuoi]) VALUES (6, 3, 0, 150)
INSERT [dbo].[CTBaoCaoTon] ([MaBaoCao], [MaSach], [SoLuongTonDau], [SoLuongTonCuoi]) VALUES (6, 4, 0, 150)
INSERT [dbo].[CTBaoCaoTon] ([MaBaoCao], [MaSach], [SoLuongTonDau], [SoLuongTonCuoi]) VALUES (6, 5, 0, 150)
INSERT [dbo].[CTBaoCaoTon] ([MaBaoCao], [MaSach], [SoLuongTonDau], [SoLuongTonCuoi]) VALUES (6, 6, 0, 150)
INSERT [dbo].[CTBaoCaoTon] ([MaBaoCao], [MaSach], [SoLuongTonDau], [SoLuongTonCuoi]) VALUES (6, 7, 0, 150)
INSERT [dbo].[CTBaoCaoTon] ([MaBaoCao], [MaSach], [SoLuongTonDau], [SoLuongTonCuoi]) VALUES (6, 8, 0, 150)
INSERT [dbo].[CTBaoCaoTon] ([MaBaoCao], [MaSach], [SoLuongTonDau], [SoLuongTonCuoi]) VALUES (6, 10, 0, 150)
INSERT [dbo].[CTBaoCaoTon] ([MaBaoCao], [MaSach], [SoLuongTonDau], [SoLuongTonCuoi]) VALUES (6, 11, 0, 150)
INSERT [dbo].[CTBaoCaoTon] ([MaBaoCao], [MaSach], [SoLuongTonDau], [SoLuongTonCuoi]) VALUES (6, 12, 0, 150)
INSERT [dbo].[CTBaoCaoTon] ([MaBaoCao], [MaSach], [SoLuongTonDau], [SoLuongTonCuoi]) VALUES (6, 13, 0, 150)

INSERT [dbo].[CTBaoCaoCongNo] ([MaBaoCao], [MaKH], [SoTienNoDau], [SoTienNoCuoi]) VALUES (1, 14, 0, 12000)
INSERT [dbo].[CTBaoCaoCongNo] ([MaBaoCao], [MaKH], [SoTienNoDau], [SoTienNoCuoi]) VALUES (1, 15, 0, 8000)
INSERT [dbo].[CTBaoCaoCongNo] ([MaBaoCao], [MaKH], [SoTienNoDau], [SoTienNoCuoi]) VALUES (1, 20, 0, 12000)
INSERT [dbo].[CTBaoCaoCongNo] ([MaBaoCao], [MaKH], [SoTienNoDau], [SoTienNoCuoi]) VALUES (1, 23, 0, 8000)
INSERT [dbo].[CTBaoCaoCongNo] ([MaBaoCao], [MaKH], [SoTienNoDau], [SoTienNoCuoi]) VALUES (2, 14, 12000, 12000)
INSERT [dbo].[CTBaoCaoCongNo] ([MaBaoCao], [MaKH], [SoTienNoDau], [SoTienNoCuoi]) VALUES (2, 15, 8000, 8000)
INSERT [dbo].[CTBaoCaoCongNo] ([MaBaoCao], [MaKH], [SoTienNoDau], [SoTienNoCuoi]) VALUES (2, 16, 0, 2000)
INSERT [dbo].[CTBaoCaoCongNo] ([MaBaoCao], [MaKH], [SoTienNoDau], [SoTienNoCuoi]) VALUES (2, 20, 12000, 12000)
INSERT [dbo].[CTBaoCaoCongNo] ([MaBaoCao], [MaKH], [SoTienNoDau], [SoTienNoCuoi]) VALUES (2, 21, 0, 20000)
INSERT [dbo].[CTBaoCaoCongNo] ([MaBaoCao], [MaKH], [SoTienNoDau], [SoTienNoCuoi]) VALUES (2, 23, 8000, 8000)
INSERT [dbo].[CTBaoCaoCongNo] ([MaBaoCao], [MaKH], [SoTienNoDau], [SoTienNoCuoi]) VALUES (2, 24, 0, 2000)
INSERT [dbo].[CTBaoCaoCongNo] ([MaBaoCao], [MaKH], [SoTienNoDau], [SoTienNoCuoi]) VALUES (3, 14, 12000, 12000)
INSERT [dbo].[CTBaoCaoCongNo] ([MaBaoCao], [MaKH], [SoTienNoDau], [SoTienNoCuoi]) VALUES (3, 15, 8000, 8000)
INSERT [dbo].[CTBaoCaoCongNo] ([MaBaoCao], [MaKH], [SoTienNoDau], [SoTienNoCuoi]) VALUES (3, 16, 2000, 10000)
INSERT [dbo].[CTBaoCaoCongNo] ([MaBaoCao], [MaKH], [SoTienNoDau], [SoTienNoCuoi]) VALUES (3, 20, 12000, 12000)
INSERT [dbo].[CTBaoCaoCongNo] ([MaBaoCao], [MaKH], [SoTienNoDau], [SoTienNoCuoi]) VALUES (3, 21, 20000, 20000)
INSERT [dbo].[CTBaoCaoCongNo] ([MaBaoCao], [MaKH], [SoTienNoDau], [SoTienNoCuoi]) VALUES (3, 23, 8000, 8000)
INSERT [dbo].[CTBaoCaoCongNo] ([MaBaoCao], [MaKH], [SoTienNoDau], [SoTienNoCuoi]) VALUES (3, 24, 2000, 2000)